"","","","","","","","","","","",""
"","","","","","","","","","","",""
"","","","","","B0530W","","","","","",""
"","","","","","","","","","","",""
"","","","","","","","","","","",""
"","","","","","","","","","","",""
"","","","","","","","","","","",""
"","","","","","","","","","","",""
"","B0520LW","","","","B0540W","","","","","",""
"","","","","","","","","","","",""
"","","","","","","","","","","",""
"","","","","","","","","","","",""
"","","","","","","","","","","",""
"","","","","","","","","","","",""
"","","","","","","","","","","",""
"","","","","","","","","","","",""
"","","","","","","","","","","",""
"","","","","","","","","","","",""
